Time, EventCount, TurnoverType
9, 2, puck_recovery
4, 2, giveaway_takeaway
0, 1, zone_entry
3, 2, giveaway_takeaway
4, 1, pass
1, 1, zone_entry
18, 5, pass
1, 1, zone_entry
1, 1, giveaway_takeaway
5, 3, pass
1, 1, zone_exit
10, 4, giveaway_takeaway
1, 1, giveaway_takeaway
5, 1, puck_recovery
7, 1, puck_recovery
1, 1, giveaway_takeaway
0, 3, giveaway_takeaway
0, 1, giveaway_takeaway
3, 2, giveaway_takeaway
1, 1, pass
6, 2, pass
17, 9, pass
2, 1, pass
23, 8, giveaway_takeaway
8, 2, pass
13, 1, pass
0, 1, giveaway_takeaway
1, 1, giveaway_takeaway
1, 1, pass
1, 1, puck_recovery
3, 1, giveaway_takeaway
0, 1, giveaway_takeaway
2, 1, giveaway_takeaway
1, 1, zone_exit
23, 7, giveaway_takeaway
3, 1, missed_shot
2, 1, zone_exit
1, 1, puck_recovery
5, 1, puck_recovery
1, 1, pass
1, 2, zone_exit
0, 1, pass
4, 1, pass
1, 1, giveaway_takeaway
7, 3, puck_recovery
6, 1, zone_exit
1, 1, zone_entry
10, 4, pass
3, 1, zone_entry
2, 1, pass
14, 5, puck_recovery
8, 5, giveaway_takeaway
2, 1, pass
9, 6, goal
6, 2, missed_shot
2, 1, giveaway_takeaway
1, 1, puck_recovery
10, 4, pass
7, 4, puck_recovery
2, 1, puck_recovery
9, 1, puck_recovery
1, 1, giveaway_takeaway
1, 1, zone_exit
8, 2, zone_entry
1, 1, shot
4, 1, puck_recovery
22, 10, zone_exit
4, 1, puck_recovery
1, 1, puck_recovery
2, 2, zone_exit
2, 2, puck_recovery
2, 1, hit
1, 1, giveaway_takeaway
10, 1, puck_recovery
1, 1, pass
1, 1, pass
0, 1, pass
31, 12, pass
0, 1, zone_entry
0, 1, giveaway_takeaway
0, 1, zone_exit
0, 1, pass
0, 1, puck_recovery
0, 1, giveaway_takeaway
0, 1, giveaway_takeaway
7, 6, goal
1, 1, giveaway_takeaway
4, 1, pass
1, 1, zone_exit
12, 5, pass
0, 1, giveaway_takeaway
1, 1, zone_entry
1, 1, puck_recovery
24, 9, zone_entry
10, 6, giveaway_takeaway
7, 5, giveaway_takeaway
11, 4, pass
1, 1, giveaway_takeaway
7, 3, pass
3, 1, pass
17, 6, pass
10, 2, zone_entry
28, 10, puck_recovery
2, 1, puck_recovery
10, 3, puck_recovery
4, 1, pass
7, 1, puck_recovery
6, 1, hit
0, 2, pass
0, 1, pass
22, 3, zone_exit
1, 1, pass
0, 1, giveaway_takeaway
7, 3, pass
1, 1, giveaway_takeaway
8, 3, giveaway_takeaway
2, 1, shot
8, 4, hit
1, 1, zone_entry
2, 1, puck_recovery
5, 1, pass
1, 1, zone_exit
11, 3, giveaway_takeaway
21, 6, pass
30, 9, puck_recovery
14, 5, zone_exit
7, 1, puck_recovery
1, 1, pass
1, 1, zone_entry
1, 1, missed_shot
4, 1, pass
6, 3, pass
1, 1, giveaway_takeaway
0, 1, puck_recovery
0, 1, pass
2, 1, giveaway_takeaway
2, 1, pass
42, 13, puck_recovery
14, 6, puck_recovery
5, 3, pass
6, 2, pass
1, 1, pass
5, 3, giveaway_takeaway
2, 1, giveaway_takeaway
3, 1, giveaway_takeaway
3, 1, pass
4, 1, puck_recovery
1, 1, pass
10, 3, hit
2, 1, giveaway_takeaway
7, 1, puck_recovery
22, 8, pass
0, 1, pass
1, 1, pass
2, 1, giveaway_takeaway
0, 1, giveaway_takeaway
2, 1, puck_recovery
2, 1, puck_recovery
4, 1, puck_recovery
1, 1, puck_recovery
1, 1, giveaway_takeaway
15, 4, pass
3, 2, puck_recovery
0, 1, puck_recovery
13, 5, puck_recovery
27, 14, pass
13, 4, giveaway_takeaway
5, 3, pass
17, 5, zone_exit
14, 3, giveaway_takeaway
7, 5, puck_recovery
5, 1, puck_recovery
7, 5, pass
1, 1, puck_recovery
4, 2, hit
0, 1, pass
22, 9, puck_recovery
8, 2, pass
13, 3, pass
25, 11, puck_recovery
0, 1, pass
7, 3, pass
1, 1, zone_exit
2, 2, pass
8, 4, pass
4, 1, puck_recovery
1, 1, giveaway_takeaway
0, 1, pass
5, 2, pass
11, 4, pass
1, 1, pass
6, 1, puck_recovery
0, 1, zone_entry
1, 1, pass
6, 1, puck_recovery
6, 1, puck_recovery
2, 1, pass
14, 4, pass
5, 2, pass
4, 1, pass
2, 1, puck_recovery
0, 1, puck_recovery
17, 2, puck_recovery
2, 1, zone_entry
1, 1, pass
0, 1, zone_entry
1, 1, pass
0, 1, zone_exit
1, 1, zone_exit
3, 1, pass
1, 1, puck_recovery
2, 1, pass
7, 1, puck_recovery
4, 2, zone_entry
5, 1, hit
1, 1, puck_recovery
5, 1, puck_recovery
2, 1, zone_entry
1, 1, pass
6, 1, giveaway_takeaway
1, 1, giveaway_takeaway
0, 1, pass
0, 1, zone_entry
12, 5, zone_exit
0, 1, zone_exit
151, 6, pass
6, 1, zone_entry
28, 8, zone_exit
7, 1, pass
2, 1, zone_entry
5, 3, pass
20, 5, puck_recovery
3, 1, pass
1, 1, pass
2, 2, zone_exit
1, 1, zone_exit
13, 1, pass
3, 1, zone_exit
3, 2, zone_exit
0, 1, giveaway_takeaway
11, 4, zone_exit
7, 3, zone_exit
1, 1, giveaway_takeaway
1, 1, puck_recovery
10, 6, puck_recovery
2, 2, zone_exit
12, 7, puck_recovery
8, 4, pass
4, 1, zone_exit
10, 1, shot
1, 1, zone_entry
1, 1, puck_recovery
6, 1, puck_recovery
1, 1, pass
6, 3, missed_shot
3, 1, zone_exit
1, 1, giveaway_takeaway
1, 1, pass
3, 1, giveaway_takeaway
1, 1, pass
2, 1, pass
10, 4, zone_entry
4, 1, puck_recovery
5, 1, zone_exit
1, 1, puck_recovery
8, 3, puck_recovery
10, 2, puck_recovery
2, 1, pass
2, 1, missed_shot
1, 1, pass
2, 1, giveaway_takeaway
1, 1, pass
4, 1, zone_exit
0, 1, missed_shot
2, 1, puck_recovery
1, 1, pass
1, 1, puck_recovery
2, 1, zone_entry
1, 1, hit
1, 1, pass
2, 1, zone_exit
0, 1, pass
4, 2, pass
1, 1, zone_exit
4, 3, shot
7, 1, puck_recovery
10, 3, pass
2, 1, hit
2, 1, zone_exit
2, 2, pass
2, 1, pass
7, 1, pass
7, 2, puck_recovery
7, 1, puck_recovery
0, 1, penalty
1, 1, pass
1, 1, pass
8, 4, pass
4, 1, puck_recovery
1, 1, giveaway_takeaway
1, 1, pass
3, 1, pass
5, 1, hit
18, 5, pass
17, 5, pass
0, 1, giveaway_takeaway
4, 3, zone_exit
1, 1, zone_entry
2, 1, pass
2, 1, zone_entry
1, 1, pass
13, 5, puck_recovery
0, 1, zone_exit
1, 1, pass
0, 1, zone_entry
0, 1, zone_exit
0, 1, zone_entry
2, 1, pass
2, 1, zone_entry
3, 1, zone_entry
0, 1, pass
22, 4, zone_exit
3, 1, blocked_shot
10, 4, giveaway_takeaway
0, 1, giveaway_takeaway
17, 4, zone_entry
2, 1, pass
6, 3, giveaway_takeaway
0, 1, giveaway_takeaway
1, 1, pass
12, 3, puck_recovery
14, 6, zone_exit
2, 1, zone_entry
12, 5, puck_recovery
1, 1, pass
0, 1, zone_entry
4, 1, giveaway_takeaway
0, 1, giveaway_takeaway
2, 1, pass
0, 1, pass
0, 1, pass
0, 1, zone_entry
7, 1, pass
4, 1, pass
2, 1, pass
18, 5, zone_exit
28, 6, zone_entry
1, 1, giveaway_takeaway
15, 5, zone_exit
3, 1, pass
3, 1, puck_recovery
3, 1, pass
7, 3, giveaway_takeaway
21, 5, puck_recovery
0, 1, zone_entry
3, 2, zone_exit
4, 1, puck_recovery
42, 10, puck_recovery
10, 6, puck_recovery
2, 1, pass
2, 1, zone_entry
2, 1, pass
2, 1, pass
0, 1, puck_recovery
1, 1, pass
0, 1, zone_exit
22, 6, puck_recovery
18, 7, zone_exit
2, 1, pass
0, 1, pass
22, 4, pass
0, 1, zone_entry
1, 1, pass
0, 1, pass
2, 1, pass
1, 1, giveaway_takeaway
1, 1, pass
5, 1, puck_recovery
3, 1, puck_recovery
1, 1, zone_exit
5, 4, pass
1, 1, giveaway_takeaway
2, 1, pass
6, 3, pass
0, 1, zone_entry
0, 1, zone_entry
6, 3, puck_recovery
2, 1, pass
1, 1, zone_entry
10, 6, puck_recovery
19, 5, pass
0, 1, pass
16, 5, zone_exit
2, 1, zone_exit
3, 1, pass
24, 5, pass
15, 3, zone_exit
0, 1, zone_entry
1, 1, pass
17, 3, zone_exit
2, 1, pass
1, 1, zone_exit
17, 6, puck_recovery
9, 3, giveaway_takeaway
5, 1, pass
9, 3, puck_recovery
0, 1, zone_entry
7, 1, puck_recovery
1, 1, zone_entry
9, 1, puck_recovery
1, 1, pass
4, 3, hit
3, 1, hit
4, 1, puck_recovery
8, 3, pass
2, 1, zone_exit
5, 1, puck_recovery
2, 1, zone_exit
3, 1, puck_recovery
1, 1, puck_recovery
2, 1, pass
0, 1, zone_entry
4, 1, puck_recovery
13, 5, puck_recovery
2, 1, puck_recovery
7, 3, zone_entry
0, 1, zone_entry
2, 1, puck_recovery
3, 1, puck_recovery
4, 1, puck_recovery
10, 5, hit
7, 4, hit
9, 3, puck_recovery
0, 1, zone_exit
0, 1, zone_exit
0, 1, puck_recovery
2, 1, giveaway_takeaway
4, 1, pass
4, 3, zone_exit
1, 1, puck_recovery
2, 1, zone_entry
11, 4, hit
6, 1, giveaway_takeaway
8, 2, zone_entry
17, 5, pass
7, 4, puck_recovery
15, 5, pass
0, 1, giveaway_takeaway
0, 1, giveaway_takeaway
1, 1, giveaway_takeaway
2, 1, puck_recovery
1, 2, giveaway_takeaway
5, 2, pass
0, 1, pass
0, 1, pass
2, 1, giveaway_takeaway
0, 1, giveaway_takeaway
2, 1, pass
4, 3, pass
2, 1, zone_exit
1, 1, zone_entry
0, 1, zone_exit
1, 1, pass
1, 1, pass
4, 2, puck_recovery
1, 1, puck_recovery
24, 9, puck_recovery
6, 4, pass
7, 3, puck_recovery
3, 1, hit
1, 1, giveaway_takeaway
1, 1, pass
13, 4, puck_recovery
23, 8, pass
0, 1, giveaway_takeaway
1, 1, giveaway_takeaway
4, 1, puck_recovery
2, 1, giveaway_takeaway
1, 1, pass
0, 1, pass
12, 2, penalty
0, 1, zone_exit
6, 2, puck_recovery
4, 1, puck_recovery
2, 1, zone_entry
1, 1, giveaway_takeaway
1, 1, pass
2, 1, pass
3, 1, giveaway_takeaway
0, 1, zone_exit
13, 3, zone_exit
7, 1, pass
3, 1, zone_exit
5, 1, giveaway_takeaway
1, 1, giveaway_takeaway
1, 1, zone_entry
2, 2, giveaway_takeaway
1, 1, goal
1, 1, zone_exit
16, 6, pass
10, 5, pass
20, 5, pass
1, 1, pass
0, 1, giveaway_takeaway
12, 5, puck_recovery
4, 1, giveaway_takeaway
3, 1, zone_exit
0, 1, zone_exit
2, 1, pass
3, 2, zone_entry
0, 1, pass
0, 1, zone_exit
9, 2, pass
0, 1, pass
1, 1, giveaway_takeaway
0, 1, zone_exit
1, 1, pass
1, 1, puck_recovery
0, 1, zone_entry
6, 3, blocked_shot
0, 1, giveaway_takeaway
2, 1, pass
1, 1, pass
10, 3, zone_exit
8, 3, puck_recovery
14, 6, pass
3, 1, giveaway_takeaway
6, 1, zone_exit
1, 1, giveaway_takeaway
2, 1, pass
1, 1, giveaway_takeaway
0, 1, giveaway_takeaway
1, 1, giveaway_takeaway
1, 1, puck_recovery
9, 3, hit
2, 1, puck_recovery
2, 1, puck_recovery
3, 1, puck_recovery
11, 4, zone_entry
1, 1, giveaway_takeaway
21, 7, zone_exit
1, 1, puck_recovery
22, 5, puck_recovery
0, 1, puck_recovery
2, 1, pass
1, 1, pass
12, 3, hit
9, 3, hit
0, 1, zone_entry
4, 1, zone_exit
1, 1, giveaway_takeaway
9, 1, puck_recovery
2, 1, zone_exit
0, 1, zone_exit
0, 1, zone_exit
2, 1, hit
6, 3, shot
0, 1, puck_recovery
0, 1, zone_exit
3, 1, puck_recovery
4, 1, puck_recovery
10, 5, pass
12, 5, pass
4, 4, pass
0, 1, puck_recovery
0, 1, pass
11, 4, puck_recovery
0, 1, zone_exit
12, 1, pass
4, 2, zone_entry
4, 3, puck_recovery
4, 1, puck_recovery
3, 2, zone_exit
1, 1, zone_exit
2, 1, zone_entry
3, 1, hit
1, 1, puck_recovery
3, 1, pass
1, 1, puck_recovery
2, 1, pass
7, 1, giveaway_takeaway
11, 3, zone_entry
2, 1, giveaway_takeaway
2, 2, hit
2, 1, hit
9, 6, hit
16, 2, puck_recovery
30, 8, pass
22, 6, zone_entry
15, 8, pass
0, 1, zone_exit
0, 1, zone_entry
11, 3, pass
10, 4, zone_entry
5, 2, hit
2, 1, zone_exit
41, 12, puck_recovery
1, 1, zone_entry
0, 1, pass
18, 6, puck_recovery
14, 9, puck_recovery
0, 1, pass
6, 1, zone_exit
15, 6, puck_recovery
1, 1, puck_recovery
3, 1, hit
20, 6, blocked_shot
1, 1, pass
2, 1, pass
6, 1, puck_recovery
0, 1, zone_entry
13, 7, pass
3, 2, pass
5, 2, hit
11, 1, pass
2, 1, pass
2, 1, giveaway_takeaway
11, 3, pass
4, 1, zone_exit
1, 1, zone_exit
4, 1, puck_recovery
0, 1, zone_entry
5, 3, zone_exit
4, 1, puck_recovery
0, 1, blocked_shot
19, 7, pass
4, 1, pass
11, 5, puck_recovery
0, 1, giveaway_takeaway
2, 1, pass
0, 1, puck_recovery
2, 1, giveaway_takeaway
12, 5, giveaway_takeaway
5, 3, pass
1, 1, puck_recovery
1, 1, zone_entry
1, 1, pass
4, 2, hit
3, 1, hit
14, 9, hit
11, 4, giveaway_takeaway
17, 8, puck_recovery
2, 1, zone_exit
2, 1, pass
5, 1, zone_exit
0, 1, pass
4, 3, zone_exit
3, 1, zone_exit
3, 2, giveaway_takeaway
1, 1, giveaway_takeaway
8, 3, hit
0, 1, zone_exit
1, 1, giveaway_takeaway
4, 1, puck_recovery
1, 1, blocked_shot
0, 1, pass
20, 7, puck_recovery
18, 5, giveaway_takeaway
4, 4, hit
3, 1, pass
2, 1, pass
0, 1, pass
23, 6, pass
17, 9, pass
1, 1, pass
0, 1, pass
0, 1, giveaway_takeaway
0, 1, pass
0, 1, zone_exit
8, 2, penalty
4, 1, penalty
1, 2, pass
4, 1, puck_recovery
2, 1, puck_recovery
2, 1, giveaway_takeaway
0, 1, giveaway_takeaway
10, 4, pass
0, 1, giveaway_takeaway
10, 6, pass
5, 1, pass
13, 4, blocked_shot
1, 1, giveaway_takeaway
0, 1, zone_exit
1, 1, pass
9, 2, pass
3, 1, pass
5, 2, giveaway_takeaway
9, 3, hit
0, 1, giveaway_takeaway
2, 1, hit
1, 1, giveaway_takeaway
3, 1, giveaway_takeaway
2, 1, hit
1, 1, pass
8, 4, hit
9, 4, puck_recovery
0, 1, zone_exit
10, 5, giveaway_takeaway
4, 1, blocked_shot
3, 1, puck_recovery
9, 4, pass
11, 3, hit
2, 2, zone_exit
0, 1, zone_exit
4, 2, zone_entry
19, 7, zone_exit
1, 1, puck_recovery
11, 5, zone_entry
3, 1, puck_recovery
12, 4, pass
1, 1, puck_recovery
30, 14, puck_recovery
25, 9, zone_exit
28, 9, zone_entry
0, 1, zone_exit
7, 4, pass
7, 1, puck_recovery
0, 1, zone_exit
2, 1, puck_recovery
20, 5, puck_recovery
6, 4, puck_recovery
0, 1, pass
10, 2, puck_recovery
2, 1, puck_recovery
0, 1, pass
5, 1, hit
9, 2, hit
4, 4, giveaway_takeaway
2, 1, pass
7, 1, puck_recovery
0, 1, pass
6, 3, zone_entry
0, 1, giveaway_takeaway
2, 2, hit
1, 1, pass
0, 1, zone_entry
1, 1, pass
20, 9, puck_recovery
7, 3, pass
19, 4, zone_exit
4, 1, giveaway_takeaway
4, 2, hit
1, 1, giveaway_takeaway
1, 1, zone_exit
22, 4, puck_recovery
9, 4, puck_recovery
29, 8, puck_recovery
1, 1, pass
8, 1, puck_recovery
4, 1, puck_recovery
4, 2, puck_recovery
7, 3, puck_recovery
0, 1, zone_entry
5, 2, puck_recovery
12, 4, pass
3, 1, pass
9, 4, hit
0, 1, zone_entry
4, 2, pass
21, 9, zone_entry
17, 5, zone_entry
3, 1, pass
9, 2, pass
10, 4, zone_exit
5, 2, zone_exit
14, 5, hit
7, 3, puck_recovery
0, 1, zone_exit
13, 9, zone_entry
6, 5, zone_entry
18, 6, hit
0, 1, puck_recovery
0, 1, giveaway_takeaway
0, 1, giveaway_takeaway
1, 1, pass
1, 1, pass
3, 1, zone_entry
7, 2, puck_recovery
24, 9, zone_exit
13, 7, pass
4, 1, hit
7, 2, hit
0, 1, zone_exit
2, 1, pass
0, 1, zone_exit
0, 1, giveaway_takeaway
0, 1, giveaway_takeaway
1, 1, pass
1, 1, puck_recovery
1, 1, puck_recovery
1, 1, puck_recovery
18, 5, pass
1, 1, giveaway_takeaway
0, 1, puck_recovery
0, 1, zone_entry
5, 1, puck_recovery
7, 3, zone_exit
0, 1, zone_entry
2, 2, giveaway_takeaway
29, 9, zone_exit
1, 1, giveaway_takeaway
0, 1, zone_entry
8, 2, pass
5, 4, pass
0, 1, zone_entry
1, 1, pass
0, 1, zone_exit
1, 1, zone_exit
3, 3, puck_recovery
1, 1, giveaway_takeaway
4, 1, zone_exit
2, 1, pass
0, 1, zone_entry
10, 5, hit
0, 1, pass
0, 1, giveaway_takeaway
0, 1, giveaway_takeaway
9, 1, giveaway_takeaway
7, 5, pass
6, 4, pass
3, 2, giveaway_takeaway
2, 1, giveaway_takeaway
0, 1, zone_exit
2, 1, pass
7, 3, pass
0, 2, zone_exit
14, 4, penalty
0, 1, zone_entry
0, 1, puck_recovery
0, 1, pass
1, 1, pass
2, 1, hit
3, 2, pass
0, 1, pass
2, 1, zone_exit
1, 1, giveaway_takeaway
2, 1, puck_recovery
0, 1, giveaway_takeaway
0, 1, giveaway_takeaway
1, 1, giveaway_takeaway
2, 1, giveaway_takeaway
3, 1, pass
20, 7, pass
3, 1, zone_entry
2, 1, giveaway_takeaway
1, 1, zone_exit
4, 3, zone_exit
0, 1, zone_entry
2, 1, pass
1, 1, giveaway_takeaway
0, 1, zone_exit
0, 1, pass
0, 1, puck_recovery
3, 1, pass
4, 1, giveaway_takeaway
2, 1, zone_entry
5, 1, puck_recovery
10, 4, pass
8, 3, puck_recovery
4, 1, zone_exit
2, 1, zone_exit
9, 3, zone_exit
8, 2, pass
2, 1, puck_recovery
0, 1, zone_exit
11, 5, zone_entry
0, 1, zone_entry
0, 1, zone_entry
1, 1, pass
1, 1, hit
17, 7, puck_recovery
2, 1, puck_recovery
20, 6, pass
0, 1, zone_entry
4, 1, giveaway_takeaway
2, 1, puck_recovery
1, 1, pass
4, 2, puck_recovery
0, 1, zone_entry
1, 1, puck_recovery
1, 1, pass
3, 1, pass
1, 1, giveaway_takeaway
4, 1, pass
14, 5, hit
0, 1, zone_exit
9, 3, pass
1, 1, pass
18, 6, zone_exit
13, 7, puck_recovery
10, 1, puck_recovery
0, 1, zone_exit
4, 2, giveaway_takeaway
0, 1, pass
14, 4, puck_recovery
3, 1, zone_exit
2, 1, pass
11, 4, hit
4, 1, pass
0, 1, zone_exit
0, 1, zone_entry
4, 1, zone_exit
1, 1, zone_exit
10, 3, pass
14, 1, puck_recovery
9, 2, puck_recovery
3, 1, puck_recovery
4, 3, pass
12, 5, hit
0, 1, pass
0, 1, zone_entry
2, 1, giveaway_takeaway
0, 1, pass
7, 4, pass
0, 1, pass
1, 2, pass
0, 1, pass
2, 1, pass
3, 1, pass
4, 1, giveaway_takeaway
0, 1, zone_exit
9, 2, giveaway_takeaway
5, 1, puck_recovery
16, 4, zone_exit
3, 1, zone_exit
7, 2, pass
2, 1, pass
9, 1, puck_recovery
8, 2, pass
27, 5, pass
15, 6, pass
2, 1, giveaway_takeaway
20, 3, hit
3, 1, pass
16, 3, giveaway_takeaway
0, 1, zone_exit
3, 1, pass
0, 1, zone_entry
0, 1, pass
7, 1, giveaway_takeaway
3, 1, pass
2, 1, pass
0, 1, pass
4, 3, puck_recovery
16, 6, puck_recovery
0, 1, puck_recovery
2, 2, puck_recovery
0, 1, puck_recovery
0, 1, zone_entry
1, 2, giveaway_takeaway
27, 14, zone_exit
12, 7, puck_recovery
1, 1, pass
0, 1, giveaway_takeaway
8, 3, puck_recovery
1, 1, giveaway_takeaway
8, 4, zone_exit
0, 1, pass
12, 6, zone_exit
3, 3, giveaway_takeaway
1, 1, giveaway_takeaway
1, 2, giveaway_takeaway
21, 4, pass
8, 1, pass
3, 1, zone_entry
5, 1, zone_exit
0, 1, pass
18, 6, zone_exit
7, 1, puck_recovery
0, 1, zone_entry
0, 1, zone_entry
1, 1, pass
2, 1, pass
4, 1, giveaway_takeaway
2, 1, pass
0, 1, pass
2, 1, pass
0, 1, giveaway_takeaway
3, 1, blocked_shot
2, 1, giveaway_takeaway
4, 3, hit
0, 1, giveaway_takeaway
0, 1, giveaway_takeaway
3, 1, giveaway_takeaway
0, 1, zone_entry
0, 1, pass
0, 1, zone_entry
4, 1, pass
0, 1, pass
40, 14, pass
15, 1, puck_recovery
1, 1, zone_entry
1, 1, pass
17, 5, pass
1, 1, zone_exit
16, 3, puck_recovery
16, 4, zone_exit
0, 1, pass
16, 4, zone_exit
3, 1, puck_recovery
0, 1, zone_entry
7, 3, puck_recovery
4, 1, puck_recovery
7, 3, giveaway_takeaway
0, 1, pass
11, 6, pass
4, 1, zone_entry
7, 1, giveaway_takeaway
0, 1, zone_entry
3, 1, puck_recovery
30, 12, giveaway_takeaway
4, 1, pass
1, 1, pass
40, 11, zone_exit
2, 1, puck_recovery
3, 1, giveaway_takeaway
12, 5, puck_recovery
0, 1, giveaway_takeaway
5, 1, puck_recovery
1, 1, giveaway_takeaway
1, 1, puck_recovery
6, 5, goal
2, 1, pass
15, 6, puck_recovery
2, 1, pass
0, 2, pass
8, 4, puck_recovery
0, 1, blocked_shot
3, 1, zone_entry
0, 1, penalty
1, 1, puck_recovery
11, 2, zone_exit
0, 1, pass
2, 1, puck_recovery
12, 2, puck_recovery
0, 1, zone_entry
14, 7, puck_recovery
19, 5, puck_recovery
1, 1, giveaway_takeaway
0, 1, puck_recovery
13, 7, puck_recovery
11, 4, pass
3, 3, pass
2, 1, giveaway_takeaway
0, 1, zone_entry
3, 1, giveaway_takeaway
7, 3, puck_recovery
9, 4, missed_shot
0, 1, zone_entry
20, 6, pass
18, 5, pass
2, 1, puck_recovery
5, 3, puck_recovery
0, 1, zone_entry
0, 1, giveaway_takeaway
0, 1, pass
0, 1, zone_entry
0, 1, zone_entry
1, 1, giveaway_takeaway
0, 1, giveaway_takeaway
1, 1, giveaway_takeaway
0, 1, pass
8, 4, pass
0, 1, zone_entry
0, 1, giveaway_takeaway
4, 1, puck_recovery
0, 1, giveaway_takeaway
16, 7, pass
0, 1, pass
2, 2, zone_exit
15, 3, puck_recovery
16, 9, hit
9, 6, hit
2, 1, zone_entry
1, 1, puck_recovery
0, 1, zone_exit
16, 5, pass
0, 1, pass
0, 1, zone_exit
2, 1, zone_entry
0, 1, pass
5, 4, puck_recovery
0, 1, penalty
0, 1, pass
44, 5, blocked_shot
16, 3, zone_exit
0, 1, pass
41, 4, puck_recovery
2, 1, giveaway_takeaway
4, 1, puck_recovery
1, 1, puck_recovery
1, 1, giveaway_takeaway
7, 1, pass
3, 3, pass
3, 1, zone_exit
27, 6, pass
3, 1, pass
11, 5, zone_exit
0, 1, zone_entry
0, 1, pass
4, 2, pass
2, 1, puck_recovery
7, 4, shot
3, 1, giveaway_takeaway
3, 1, puck_recovery
2, 1, pass
2, 1, zone_exit
11, 3, zone_exit
0, 1, giveaway_takeaway
7, 2, shot
0, 1, zone_entry
1, 1, giveaway_takeaway
2, 1, pass
0, 1, zone_entry
2, 1, pass
5, 2, pass
1, 1, giveaway_takeaway
0, 1, giveaway_takeaway
0, 1, zone_entry
0, 1, zone_exit
3, 1, pass
4, 1, pass
0, 1, zone_entry
11, 4, puck_recovery
2, 1, pass
2, 1, pass
2, 1, pass
1, 1, zone_exit
3, 2, pass
0, 1, zone_entry
6, 1, pass
0, 1, giveaway_takeaway
0, 2, giveaway_takeaway
0, 1, pass
3, 3, giveaway_takeaway
0, 1, zone_entry
0, 1, pass
18, 4, zone_exit
3, 1, zone_exit
5, 1, puck_recovery
2, 1, pass
26, 7, zone_exit
4, 1, giveaway_takeaway
2, 1, pass
3, 1, pass
2, 1, pass
0, 1, giveaway_takeaway
10, 3, shot
18, 4, puck_recovery
33, 7, puck_recovery
1, 1, puck_recovery
0, 1, pass
12, 4, puck_recovery
10, 4, puck_recovery
3, 1, zone_exit
16, 4, puck_recovery
3, 1, pass
3, 1, zone_exit
4, 3, zone_exit
12, 3, pass
10, 3, puck_recovery
8, 4, missed_shot
8, 3, puck_recovery
2, 1, puck_recovery
7, 2, hit
2, 1, giveaway_takeaway
6, 2, zone_exit
0, 1, zone_entry
9, 3, giveaway_takeaway
1, 1, zone_exit
1, 1, giveaway_takeaway
1, 1, giveaway_takeaway
4, 1, puck_recovery
5, 1, puck_recovery
16, 5, zone_exit
0, 1, pass
2, 1, zone_exit
3, 1, zone_entry
0, 1, pass
5, 1, giveaway_takeaway
0, 1, zone_entry
0, 1, pass
12, 5, puck_recovery
1, 1, puck_recovery
2, 1, pass
5, 1, pass
10, 1, puck_recovery
0, 1, pass
1, 1, pass
0, 1, pass
0, 1, pass
11, 4, shot
2, 1, shot
13, 2, zone_exit
0, 1, pass
15, 9, puck_recovery
0, 1, zone_exit
23, 6, puck_recovery
2, 1, zone_entry
2, 1, hit
1, 1, puck_recovery
20, 5, puck_recovery
1, 1, giveaway_takeaway
0, 1, puck_recovery
0, 1, giveaway_takeaway
0, 1, puck_recovery
5, 2, pass
0, 1, giveaway_takeaway
0, 1, zone_entry
0, 1, zone_entry
16, 6, pass
4, 1, puck_recovery
0, 1, pass
2, 1, pass
5, 3, pass
4, 2, hit
8, 4, zone_entry
9, 4, hit
10, 6, zone_exit
3, 1, pass
4, 1, pass
0, 1, pass
7, 1, zone_exit
4, 1, zone_exit
12, 6, hit
2, 1, hit
3, 2, pass
34, 10, giveaway_takeaway
4, 2, pass
9, 3, puck_recovery
0, 1, giveaway_takeaway
5, 1, zone_exit
9, 3, puck_recovery
1, 2, giveaway_takeaway
2, 1, hit
8, 6, giveaway_takeaway
5, 2, zone_exit
0, 1, giveaway_takeaway
2, 1, blocked_shot
3, 1, giveaway_takeaway
0, 1, pass
2, 1, puck_recovery
19, 9, zone_exit
5, 3, zone_exit
12, 3, pass
8, 5, pass
1, 1, puck_recovery
5, 3, puck_recovery
1, 1, pass
1, 1, giveaway_takeaway
3, 1, puck_recovery
0, 1, giveaway_takeaway
3, 1, zone_entry
6, 1, giveaway_takeaway
0, 1, zone_exit
0, 1, zone_entry
3, 1, giveaway_takeaway
3, 4, puck_recovery
1, 2, puck_recovery
18, 7, zone_exit
0, 1, giveaway_takeaway
5, 1, zone_exit
8, 3, pass
0, 1, zone_entry
0, 1, giveaway_takeaway
0, 1, zone_entry
3, 1, pass
7, 1, puck_recovery
12, 2, pass
2, 1, shot
8, 5, zone_exit
5, 2, pass
13, 4, pass
18, 8, giveaway_takeaway
8, 3, zone_exit
11, 6, puck_recovery
7, 3, giveaway_takeaway
1, 1, pass
3, 1, puck_recovery
7, 4, pass
1, 1, puck_recovery
2, 2, puck_recovery
0, 1, puck_recovery
1, 1, pass
0, 1, giveaway_takeaway
6, 3, blocked_shot
1, 1, pass
11, 7, zone_exit
1, 1, giveaway_takeaway
21, 6, zone_entry
2, 1, zone_exit
2, 1, puck_recovery
0, 1, puck_recovery
0, 1, pass
0, 1, pass
14, 3, penalty
10, 2, penalty
6, 4, puck_recovery
5, 1, zone_exit
12, 6, zone_exit
0, 1, puck_recovery
2, 1, hit
0, 1, zone_exit
1, 1, puck_recovery
3, 3, puck_recovery
1, 2, puck_recovery
1, 1, puck_recovery
1, 1, puck_recovery
9, 2, puck_recovery
6, 1, puck_recovery
0, 1, zone_entry
2, 1, pass
4, 1, puck_recovery
5, 4, hit
5, 4, puck_recovery
2, 2, pass
0, 1, pass
2, 1, zone_exit
5, 3, puck_recovery
1, 1, zone_exit
0, 1, pass
6, 1, pass
1, 1, giveaway_takeaway
0, 1, puck_recovery
1, 1, puck_recovery
2, 1, pass
7, 4, giveaway_takeaway
11, 4, puck_recovery
14, 3, pass
19, 6, zone_exit
5, 4, puck_recovery
5, 2, puck_recovery
15, 5, pass
7, 2, pass
3, 1, giveaway_takeaway
7, 3, giveaway_takeaway
11, 3, puck_recovery
0, 1, pass
8, 4, puck_recovery
17, 6, pass
2, 1, giveaway_takeaway
0, 1, zone_entry
0, 1, pass
3, 3, giveaway_takeaway
1, 1, giveaway_takeaway
7, 2, zone_exit
1, 1, giveaway_takeaway
11, 4, pass
0, 1, giveaway_takeaway
3, 1, pass
0, 1, giveaway_takeaway
1, 1, puck_recovery
4, 4, giveaway_takeaway
2, 1, pass
14, 5, hit
6, 2, hit
2, 1, puck_recovery
14, 5, giveaway_takeaway
9, 5, zone_exit
2, 1, puck_recovery
3, 1, pass
16, 1, blocked_shot
2, 1, zone_exit
1, 1, puck_recovery
0, 1, zone_exit
3, 1, puck_recovery
5, 1, hit
0, 1, zone_exit
4, 1, pass
1, 1, pass
2, 1, zone_exit
22, 3, zone_entry
1, 1, puck_recovery
3, 2, pass
3, 1, pass
4, 1, puck_recovery
8, 3, puck_recovery
0, 1, giveaway_takeaway
0, 1, zone_entry
4, 1, puck_recovery
9, 4, puck_recovery
4, 3, zone_exit
7, 3, puck_recovery
9, 1, puck_recovery
12, 4, puck_recovery
1, 1, puck_recovery
5, 3, pass
6, 3, zone_exit
5, 3, pass
3, 1, puck_recovery
4, 1, penalty
1, 1, puck_recovery
0, 1, pass
6, 2, giveaway_takeaway
2, 1, puck_recovery
23, 11, puck_recovery
30, 7, hit
2, 1, puck_recovery
2, 1, puck_recovery
3, 1, puck_recovery
2, 1, pass
0, 1, zone_entry
0, 1, zone_entry
3, 1, pass
0, 1, giveaway_takeaway
22, 9, zone_exit
7, 4, zone_entry
0, 1, zone_entry
0, 1, zone_entry
0, 2, zone_exit
12, 6, zone_exit
0, 1, pass
1, 1, pass
2, 1, puck_recovery
1, 1, zone_entry
7, 4, pass
7, 4, pass
6, 4, puck_recovery
5, 4, pass
2, 1, pass
3, 1, puck_recovery
1, 1, zone_entry
1, 1, pass
11, 6, zone_exit
6, 1, puck_recovery
0, 1, pass
8, 3, zone_exit
4, 1, penalty
26, 7, pass
7, 3, pass
6, 3, pass
0, 1, zone_entry
2, 1, giveaway_takeaway
0, 1, puck_recovery
0, 1, pass
2, 1, giveaway_takeaway
3, 1, puck_recovery
0, 1, zone_exit
5, 1, pass
0, 1, pass
3, 1, pass
0, 2, puck_recovery
11, 5, pass
2, 1, puck_recovery
10, 4, pass
0, 2, zone_entry
0, 1, puck_recovery
4, 3, puck_recovery
18, 10, hit
16, 9, hit
1, 1, pass
0, 1, zone_entry
9, 5, puck_recovery
6, 3, zone_exit
0, 1, puck_recovery
10, 3, hit
3, 1, puck_recovery
1, 1, pass
2, 1, giveaway_takeaway
25, 12, pass
0, 1, pass
0, 1, pass
0, 1, giveaway_takeaway
0, 1, zone_exit
0, 1, zone_entry
14, 5, giveaway_takeaway
1, 1, puck_recovery
1, 1, giveaway_takeaway
0, 1, pass
3, 3, shot
10, 7, puck_recovery
14, 8, zone_exit
0, 1, puck_recovery
29, 9, giveaway_takeaway
0, 1, puck_recovery
3, 1, giveaway_takeaway
0, 1, zone_exit
1, 1, pass
0, 1, pass
0, 1, giveaway_takeaway
6, 1, pass
9, 3, zone_entry
5, 1, puck_recovery
0, 1, pass
10, 2, pass
12, 3, puck_recovery
10, 2, puck_recovery
9, 1, puck_recovery
0, 1, puck_recovery
2, 1, pass
12, 6, giveaway_takeaway
11, 5, giveaway_takeaway
1, 1, pass
16, 6, goal
14, 5, goal
0, 1, giveaway_takeaway
2, 1, pass
0, 1, zone_entry
33, 11, zone_exit
0, 1, puck_recovery
7, 3, puck_recovery
4, 1, puck_recovery
1, 1, puck_recovery
3, 1, puck_recovery
0, 1, pass
0, 1, zone_entry
1, 1, giveaway_takeaway
10, 6, zone_entry
0, 1, pass
1, 1, giveaway_takeaway
0, 1, giveaway_takeaway
3, 1, pass
27, 10, hit
6, 4, hit
4, 3, hit
0, 1, giveaway_takeaway
3, 1, giveaway_takeaway
7, 4, pass
1, 1, giveaway_takeaway
7, 3, pass
0, 1, pass
0, 1, giveaway_takeaway
0, 1, giveaway_takeaway
0, 1, pass
3, 1, pass
6, 2, blocked_shot
22, 7, puck_recovery
1, 1, pass
0, 1, giveaway_takeaway
2, 1, giveaway_takeaway
8, 3, giveaway_takeaway
4, 1, giveaway_takeaway
2, 1, puck_recovery
0, 1, giveaway_takeaway
0, 1, giveaway_takeaway
0, 1, pass
0, 1, pass
3, 1, pass
3, 2, hit
0, 1, puck_recovery
12, 4, pass
24, 7, pass
4, 3, pass
10, 1, puck_recovery
0, 1, zone_exit
4, 1, giveaway_takeaway
8, 3, pass
33, 12, pass
14, 3, puck_recovery
17, 7, goal
9, 4, goal
7, 4, missed_shot
5, 3, missed_shot
1, 1, puck_recovery
1, 1, pass
1, 1, zone_exit
2, 2, pass
0, 1, pass
3, 1, zone_exit
2, 1, pass
1, 1, pass
19, 5, puck_recovery
0, 1, zone_exit
13, 3, pass
3, 1, giveaway_takeaway
2, 1, pass
2, 1, pass
1, 1, puck_recovery
3, 1, zone_entry
11, 3, zone_exit
16, 5, zone_exit
3, 2, giveaway_takeaway
2, 1, zone_exit
2, 1, giveaway_takeaway
1, 1, giveaway_takeaway
8, 1, zone_exit
5, 3, pass
3, 1, pass
2, 1, pass
0, 1, puck_recovery
7, 1, pass
14, 5, zone_exit
7, 3, pass
18, 7, pass
2, 1, zone_exit
7, 4, missed_shot
11, 1, puck_recovery
2, 1, puck_recovery
12, 5, puck_recovery
3, 2, puck_recovery
0, 1, puck_recovery
7, 3, pass
4, 1, pass
0, 2, pass
2, 2, puck_recovery
2, 1, pass
17, 7, penalty
11, 3, hit
4, 2, pass
4, 2, pass
0, 1, giveaway_takeaway
6, 1, giveaway_takeaway
1, 1, pass
6, 1, puck_recovery
5, 4, pass
3, 2, pass
2, 1, giveaway_takeaway
0, 1, giveaway_takeaway
2, 1, hit
0, 1, giveaway_takeaway
1, 1, blocked_shot
6, 1, pass
22, 8, giveaway_takeaway
2, 2, giveaway_takeaway
1, 1, pass
1, 1, puck_recovery
0, 1, zone_entry
6, 1, shot
6, 4, pass
5, 1, pass
19, 7, zone_exit
1, 1, zone_entry
1, 1, pass
0, 1, zone_exit
4, 1, zone_exit
0, 1, puck_recovery
0, 1, zone_exit
0, 1, pass
1, 1, zone_entry
0, 1, zone_exit
0, 1, zone_entry
0, 1, zone_exit
1, 1, zone_exit
1, 1, pass
13, 6, pass
6, 1, puck_recovery
0, 1, giveaway_takeaway
1, 2, puck_recovery
7, 4, zone_exit
4, 2, giveaway_takeaway
2, 1, hit
1, 1, giveaway_takeaway
8, 3, pass
1, 1, penalty
0, 1, pass
6, 3, hit
2, 2, hit
2, 1, zone_entry
7, 3, puck_recovery
9, 5, zone_exit
12, 3, hit
1, 1, puck_recovery
10, 4, pass
0, 1, pass
5, 1, pass
1, 1, pass
23, 11, puck_recovery
6, 1, puck_recovery
3, 1, puck_recovery
13, 1, pass
14, 3, pass
0, 1, puck_recovery
2, 1, puck_recovery
1, 1, giveaway_takeaway
18, 6, pass
7, 3, puck_recovery
6, 1, puck_recovery
2, 1, giveaway_takeaway
15, 5, zone_exit
1, 1, zone_exit
10, 4, zone_exit
7, 1, puck_recovery
0, 1, pass
19, 11, zone_exit
0, 1, pass
16, 6, pass
1, 1, zone_exit
7, 1, pass
18, 4, puck_recovery
6, 4, hit
11, 6, pass
0, 1, pass
9, 6, pass
10, 5, hit
2, 1, missed_shot
2, 1, giveaway_takeaway
0, 1, pass
0, 1, pass
1, 1, zone_exit
12, 6, zone_exit
1, 1, pass
16, 5, hit
10, 6, hit
18, 5, zone_exit
0, 1, pass
1, 1, zone_exit
13, 6, puck_recovery
3, 1, puck_recovery
7, 2, hit
1, 1, pass
1, 1, giveaway_takeaway
31, 13, pass
0, 1, zone_exit
0, 1, shot
3, 1, pass
18, 8, giveaway_takeaway
0, 1, zone_entry
0, 1, pass
4, 1, zone_exit
6, 2, pass
0, 1, giveaway_takeaway
1, 1, giveaway_takeaway
1, 1, puck_recovery
0, 1, puck_recovery
0, 1, puck_recovery
0, 1, pass
1, 1, puck_recovery
2, 1, giveaway_takeaway
2, 1, puck_recovery
25, 6, zone_exit
12, 6, zone_exit
15, 2, hit
7, 4, zone_exit
9, 4, pass
4, 1, giveaway_takeaway
41, 23, pass
7, 2, pass
5, 1, pass
5, 3, zone_entry
0, 1, zone_exit
1, 1, puck_recovery
1, 1, pass
0, 1, pass
13, 4, pass
10, 4, puck_recovery
3, 1, zone_entry
14, 8, puck_recovery
5, 1, puck_recovery
9, 1, pass
0, 1, puck_recovery
4, 1, puck_recovery
12, 1, puck_recovery
3, 1, zone_exit
6, 2, pass
4, 2, hit
1, 1, hit
10, 5, pass
3, 1, shot
0, 1, zone_entry
1, 1, giveaway_takeaway
1, 1, pass
10, 5, hit
0, 1, giveaway_takeaway
3, 1, giveaway_takeaway
5, 3, giveaway_takeaway
9, 4, puck_recovery
8, 3, puck_recovery
4, 3, puck_recovery
0, 1, giveaway_takeaway
0, 1, pass
0, 1, pass
2, 1, pass
9, 6, giveaway_takeaway
2, 1, giveaway_takeaway
0, 1, pass
0, 1, giveaway_takeaway
0, 1, zone_entry
1, 1, puck_recovery
5, 3, hit
0, 1, zone_entry
9, 1, puck_recovery
10, 4, pass
2, 1, pass
5, 5, puck_recovery
1, 1, puck_recovery
0, 1, pass
12, 3, hit
0, 1, pass
6, 1, pass
0, 1, pass
0, 1, zone_exit
0, 1, pass
1, 1, giveaway_takeaway
2, 1, pass
3, 1, puck_recovery
2, 1, zone_entry
0, 1, pass
1, 1, shot
0, 1, giveaway_takeaway
1, 1, zone_exit
0, 1, zone_exit
0, 1, pass
22, 10, zone_exit
0, 1, pass
2, 1, giveaway_takeaway
0, 1, zone_exit
1, 1, pass
0, 1, zone_exit
1, 1, zone_entry
7, 1, pass
4, 1, pass
0, 1, zone_entry
25, 7, pass
4, 1, pass
0, 1, zone_exit
9, 4, pass
31, 15, puck_recovery
1, 1, pass
2, 1, pass
0, 1, zone_entry
13, 1, puck_recovery
2, 1, puck_recovery
3, 2, giveaway_takeaway
6, 3, pass
0, 2, shot
0, 1, shot
1, 1, puck_recovery
1, 1, giveaway_takeaway
1, 1, puck_recovery
3, 1, puck_recovery
0, 1, pass
5, 2, shot
8, 2, puck_recovery
6, 1, puck_recovery
15, 6, zone_entry
3, 1, puck_recovery
2, 1, pass
4, 1, pass
22, 5, pass
0, 1, giveaway_takeaway
1, 1, puck_recovery
0, 1, pass
0, 1, giveaway_takeaway
2, 1, pass
14, 6, puck_recovery
11, 2, pass
15, 3, goal
8, 3, pass
2, 1, hit
29, 7, penalty
2, 1, puck_recovery
0, 1, pass
1, 1, pass
10, 5, puck_recovery
0, 1, pass
0, 1, zone_entry
4, 1, zone_entry
7, 4, puck_recovery
21, 3, puck_recovery
0, 1, pass
0, 1, puck_recovery
0, 1, zone_entry
2, 1, giveaway_takeaway
9, 5, puck_recovery
43, 18, puck_recovery
8, 6, puck_recovery
6, 4, pass
0, 1, zone_exit
0, 1, pass
3, 1, zone_entry
4, 1, pass
0, 1, pass
1, 1, pass
21, 6, puck_recovery
48, 17, puck_recovery
0, 1, zone_entry
12, 2, zone_entry
6, 2, pass
20, 6, zone_exit
6, 1, puck_recovery
4, 1, zone_entry
0, 1, pass
1, 1, giveaway_takeaway
2, 1, giveaway_takeaway
1, 1, giveaway_takeaway
23, 8, hit
0, 1, puck_recovery
1, 1, puck_recovery
23, 4, zone_exit
12, 4, pass
0, 1, pass
0, 1, pass
21, 4, pass
6, 3, puck_recovery
11, 7, puck_recovery
1, 1, puck_recovery
6, 4, zone_exit
0, 1, giveaway_takeaway
0, 1, giveaway_takeaway
11, 2, puck_recovery
1, 1, pass
1, 1, giveaway_takeaway
4, 2, pass
8, 3, giveaway_takeaway
22, 10, goal
4, 1, puck_recovery
0, 1, zone_entry
3, 1, hit
0, 1, pass
2, 2, pass
0, 1, pass
2, 1, hit
2, 1, giveaway_takeaway
6, 1, puck_recovery
5, 1, pass
4, 1, hit
0, 1, zone_exit
8, 4, pass
3, 1, puck_recovery
5, 1, zone_exit
0, 1, puck_recovery
8, 3, zone_exit
0, 1, giveaway_takeaway
0, 1, zone_exit
3, 1, pass
6, 1, zone_exit
0, 1, zone_exit
0, 1, pass
10, 5, pass
2, 1, pass
0, 1, zone_exit
3, 1, zone_entry
7, 1, zone_exit
9, 3, zone_entry
0, 1, zone_exit
6, 2, zone_entry
0, 1, penalty
20, 5, zone_entry
0, 1, pass
1, 2, giveaway_takeaway
1, 1, pass
1, 1, zone_entry
0, 1, zone_entry
2, 1, pass
7, 2, hit
0, 1, zone_exit
0, 1, giveaway_takeaway
0, 1, zone_exit
0, 1, pass
13, 8, puck_recovery
3, 1, zone_exit
4, 2, hit
0, 1, zone_entry
0, 1, zone_entry
0, 1, pass
22, 10, puck_recovery
15, 3, zone_exit
0, 1, zone_exit
2, 1, pass
12, 4, pass
1, 1, zone_entry
0, 1, pass
16, 4, zone_exit
0, 1, zone_exit
3, 1, zone_entry
14, 5, pass
28, 8, pass
0, 1, giveaway_takeaway
0, 1, giveaway_takeaway
3, 1, giveaway_takeaway
0, 1, giveaway_takeaway
1, 1, giveaway_takeaway
0, 1, giveaway_takeaway
1, 1, pass
2, 1, puck_recovery
0, 1, giveaway_takeaway
3, 1, zone_entry
5, 4, pass
0, 1, pass
1, 1, puck_recovery
0, 1, pass
34, 14, puck_recovery
7, 3, puck_recovery
3, 2, pass
0, 1, zone_exit
0, 1, pass
5, 2, giveaway_takeaway
10, 3, zone_exit
7, 2, zone_entry
18, 6, zone_exit
0, 1, pass
1, 1, pass
0, 1, pass
0, 1, giveaway_takeaway
1, 1, puck_recovery
4, 1, pass
3, 1, pass
1, 1, pass
0, 2, pass
2, 2, giveaway_takeaway
0, 1, pass
1, 1, pass
2, 1, zone_entry
4, 3, penalty
5, 1, zone_exit
2, 1, puck_recovery
0, 1, pass
3, 1, zone_entry
9, 3, shot
3, 2, puck_recovery
1, 1, giveaway_takeaway
1, 1, puck_recovery
1, 1, giveaway_takeaway
4, 1, pass
1, 1, pass
28, 12, puck_recovery
6, 2, zone_entry
0, 1, pass
8, 2, zone_exit
13, 4, zone_entry
0, 1, pass
0, 1, pass
0, 1, zone_exit
1, 1, giveaway_takeaway
3, 1, giveaway_takeaway
2, 1, puck_recovery
0, 1, zone_entry
23, 11, puck_recovery
14, 5, puck_recovery
3, 1, puck_recovery
8, 1, puck_recovery
5, 2, pass
3, 1, pass
0, 1, pass
2, 1, zone_entry
2, 1, giveaway_takeaway
0, 1, pass
8, 4, hit
5, 1, pass
0, 1, zone_exit
0, 1, zone_entry
1, 1, giveaway_takeaway
1, 1, pass
5, 2, giveaway_takeaway
3, 1, pass
1, 1, puck_recovery
0, 1, giveaway_takeaway
2, 2, pass
4, 1, zone_exit
2, 1, zone_entry
1, 1, zone_entry
14, 5, giveaway_takeaway
5, 1, puck_recovery
8, 5, zone_exit
5, 1, puck_recovery
1, 1, puck_recovery
1, 1, puck_recovery
1, 1, puck_recovery
0, 1, giveaway_takeaway
9, 3, pass
4, 2, hit
10, 1, pass
2, 1, puck_recovery
5, 3, pass
2, 1, puck_recovery
3, 1, puck_recovery
0, 1, pass
3, 1, pass
14, 3, zone_entry
0, 1, zone_entry
2, 1, pass
0, 1, pass
0, 1, giveaway_takeaway
15, 6, pass
0, 1, zone_exit
1, 1, puck_recovery
20, 7, penalty
0, 1, missed_shot
0, 1, pass
4, 1, pass
0, 1, pass
8, 4, pass
5, 1, zone_exit
1, 1, zone_entry
22, 9, penalty
7, 4, puck_recovery
0, 1, giveaway_takeaway
26, 13, zone_exit
4, 1, hit
0, 1, giveaway_takeaway
0, 1, zone_exit
8, 1, pass
1, 1, giveaway_takeaway
10, 5, hit
9, 5, puck_recovery
0, 1, puck_recovery
5, 1, puck_recovery
0, 1, pass
0, 1, zone_exit
0, 1, zone_entry
1, 1, giveaway_takeaway
6, 1, pass
0, 1, pass
11, 5, puck_recovery
12, 5, puck_recovery
0, 1, zone_exit
1, 1, zone_entry
5, 2, zone_entry
4, 1, zone_exit
0, 1, zone_entry
0, 1, zone_entry
11, 3, pass
0, 1, zone_exit
18, 7, zone_exit
12, 3, zone_exit
1, 1, pass
24, 10, puck_recovery
2, 1, pass
2, 1, pass
11, 4, zone_exit
15, 9, zone_exit
1, 1, puck_recovery
3, 1, puck_recovery
10, 6, puck_recovery
3, 1, puck_recovery
4, 1, puck_recovery
0, 1, pass
1, 1, puck_recovery
5, 1, missed_shot
3, 1, zone_exit
1, 1, pass
0, 1, zone_entry
9, 4, pass
9, 4, zone_entry
9, 2, giveaway_takeaway
13, 5, pass
7, 3, zone_exit
1, 1, zone_exit
11, 3, zone_entry
0, 1, zone_exit
12, 2, zone_exit
1, 1, pass
0, 1, zone_entry
5, 3, hit
0, 1, pass
2, 1, puck_recovery
1, 1, pass
13, 6, puck_recovery
10, 4, zone_exit
2, 1, puck_recovery
3, 1, puck_recovery
8, 4, puck_recovery
2, 1, pass
9, 5, puck_recovery
4, 1, puck_recovery
5, 3, pass
1, 1, puck_recovery
10, 4, zone_entry
3, 1, pass
19, 8, zone_exit
10, 4, zone_exit
1, 1, pass
4, 1, pass
10, 4, pass
12, 3, giveaway_takeaway
2, 1, pass
0, 1, zone_entry
2, 1, zone_entry
3, 1, giveaway_takeaway
0, 1, pass
4, 1, puck_recovery
4, 1, zone_entry
0, 1, pass
0, 1, giveaway_takeaway
0, 1, puck_recovery
13, 6, puck_recovery
6, 1, pass
8, 2, zone_exit
4, 1, zone_exit
10, 1, pass
1, 1, pass
1, 1, giveaway_takeaway
5, 2, pass
4, 1, zone_entry
3, 1, zone_entry
2, 1, pass
0, 1, zone_entry
0, 1, zone_exit
5, 1, puck_recovery
0, 1, giveaway_takeaway
2, 1, zone_entry
1, 1, giveaway_takeaway
5, 2, zone_exit
8, 4, puck_recovery
0, 1, pass
6, 1, puck_recovery
0, 1, puck_recovery
2, 1, puck_recovery
10, 5, zone_exit
0, 1, zone_entry
3, 1, pass
2, 1, pass
0, 1, pass
14, 5, pass
2, 1, pass
6, 4, giveaway_takeaway
5, 1, pass
1, 1, giveaway_takeaway
0, 1, giveaway_takeaway
2, 1, pass
3, 1, puck_recovery
20, 5, pass
0, 1, pass
3, 2, pass
2, 1, pass
6, 2, pass
1, 1, giveaway_takeaway
13, 6, zone_exit
14, 5, zone_exit
7, 2, pass
1, 1, pass
0, 1, giveaway_takeaway
24, 8, pass
12, 2, pass
7, 1, pass
2, 1, giveaway_takeaway
1, 2, giveaway_takeaway
2, 1, puck_recovery
3, 1, puck_recovery
1, 1, puck_recovery
1, 1, penalty
13, 7, goal
4, 1, pass
0, 1, missed_shot
0, 1, puck_recovery
9, 1, puck_recovery
5, 2, hit
7, 1, puck_recovery
10, 3, puck_recovery
6, 3, giveaway_takeaway
1, 1, pass
1, 1, puck_recovery
0, 1, pass
0, 1, puck_recovery
4, 1, zone_entry
1, 1, missed_shot
1, 1, puck_recovery
3, 1, zone_exit
0, 1, pass
0, 1, pass
16, 3, hit
6, 1, hit
0, 1, zone_entry
0, 1, zone_entry
3, 1, puck_recovery
0, 1, zone_entry
4, 1, zone_exit
7, 4, zone_entry
0, 1, zone_entry
2, 1, pass
1, 1, pass
19, 5, zone_exit
17, 7, pass
5, 1, puck_recovery
19, 5, pass
6, 1, pass
27, 4, pass
24, 3, pass
13, 6, zone_entry
9, 1, zone_entry
4, 1, puck_recovery
9, 4, hit
15, 3, giveaway_takeaway
0, 1, zone_entry
2, 1, pass
15, 4, pass
2, 1, pass
7, 1, pass
5, 1, zone_exit
15, 7, giveaway_takeaway
1, 1, zone_entry
17, 4, goal
0, 1, giveaway_takeaway
6, 3, pass
17, 6, pass
0, 1, zone_entry
6, 4, pass
1, 1, pass
1, 1, pass
0, 1, pass
5, 1, pass
1, 1, pass
3, 2, puck_recovery
0, 1, zone_entry
5, 3, puck_recovery
0, 1, zone_exit
0, 1, puck_recovery
2, 1, giveaway_takeaway
1, 1, giveaway_takeaway
5, 1, puck_recovery
6, 1, puck_recovery
2, 1, giveaway_takeaway
11, 6, pass
0, 1, giveaway_takeaway
0, 1, giveaway_takeaway
1, 1, giveaway_takeaway
0, 1, giveaway_takeaway
0, 1, puck_recovery
2, 1, pass
2, 1, zone_entry
2, 1, puck_recovery
2, 1, pass
6, 3, shot
4, 1, pass
0, 1, giveaway_takeaway
6, 3, pass
3, 2, hit
5, 1, zone_exit
0, 1, pass
7, 4, giveaway_takeaway
1, 1, giveaway_takeaway
1, 1, giveaway_takeaway
4, 1, zone_entry
6, 2, hit
0, 1, zone_exit
0, 1, pass
0, 1, pass
0, 1, pass
13, 7, zone_exit
2, 1, zone_exit
9, 4, zone_exit
2, 1, pass
2, 1, giveaway_takeaway
3, 1, giveaway_takeaway
3, 2, giveaway_takeaway
0, 1, giveaway_takeaway
3, 1, giveaway_takeaway
2, 1, giveaway_takeaway
3, 1, pass
18, 3, zone_exit
4, 1, zone_entry
1, 1, pass
14, 1, puck_recovery
0, 1, pass
28, 8, giveaway_takeaway
3, 1, puck_recovery
0, 1, giveaway_takeaway
1, 1, blocked_shot
6, 1, zone_exit
2, 1, pass
4, 1, zone_exit
5, 2, zone_exit
0, 1, pass
0, 1, zone_exit
13, 4, hit
0, 1, zone_entry
15, 4, puck_recovery
5, 1, puck_recovery
7, 1, giveaway_takeaway
2, 2, pass
1, 1, pass
2, 1, pass
4, 3, pass
0, 1, zone_entry
3, 1, pass
1, 1, pass
9, 5, puck_recovery
2, 1, puck_recovery
1, 1, zone_entry
3, 1, puck_recovery
0, 1, pass
0, 1, zone_entry
1, 2, pass
2, 1, pass
22, 12, puck_recovery
20, 10, puck_recovery
0, 1, giveaway_takeaway
1, 1, pass
12, 7, pass
6, 4, puck_recovery
13, 6, penalty
1, 1, zone_entry
2, 1, puck_recovery
18, 7, puck_recovery
20, 7, pass
5, 3, pass
0, 1, puck_recovery
6, 1, blocked_shot
0, 1, zone_entry
0, 1, giveaway_takeaway
3, 1, giveaway_takeaway
0, 1, zone_entry
0, 1, pass
2, 1, giveaway_takeaway
6, 2, pass
21, 3, giveaway_takeaway
2, 1, pass
7, 3, pass
0, 1, zone_entry
0, 1, zone_entry
14, 8, zone_exit
14, 7, zone_exit
8, 1, puck_recovery
3, 1, zone_entry
5, 1, puck_recovery
7, 3, zone_exit
7, 3, pass
1, 1, giveaway_takeaway
0, 1, puck_recovery
0, 1, giveaway_takeaway
0, 1, giveaway_takeaway
7, 1, puck_recovery
2, 1, pass
1, 1, giveaway_takeaway
0, 1, zone_exit
16, 3, zone_exit
0, 1, giveaway_takeaway
1, 1, giveaway_takeaway
0, 1, pass
9, 4, puck_recovery
15, 5, pass
14, 1, puck_recovery
9, 2, pass
1, 1, giveaway_takeaway
12, 4, penalty
6, 1, puck_recovery
2, 1, giveaway_takeaway
0, 1, pass
1, 1, pass
0, 1, shot
6, 1, puck_recovery
0, 1, pass
9, 2, hit
0, 1, pass
11, 1, puck_recovery
4, 1, giveaway_takeaway
0, 1, pass
3, 1, zone_entry
7, 3, pass
0, 1, giveaway_takeaway
4, 1, pass
17, 7, pass
11, 3, zone_exit
4, 2, pass
9, 2, zone_exit
0, 1, pass
27, 6, puck_recovery
15, 1, giveaway_takeaway
4, 2, hit
2, 1, giveaway_takeaway
1, 1, zone_entry
4, 1, pass
5, 1, giveaway_takeaway
0, 1, pass
7, 1, pass
0, 1, zone_exit
0, 1, zone_entry
3, 1, pass
0, 1, pass
2, 1, zone_exit
6, 2, zone_exit
0, 1, pass
1, 1, pass
2, 1, pass
1, 1, zone_entry
0, 1, zone_entry
15, 5, pass
12, 5, hit
10, 4, puck_recovery
12, 7, zone_exit
11, 4, puck_recovery
21, 9, puck_recovery
0, 1, zone_exit
8, 3, pass
2, 1, zone_entry
16, 5, pass
6, 1, puck_recovery
1, 1, zone_entry
7, 2, giveaway_takeaway
0, 1, zone_entry
1, 1, pass
1, 1, zone_exit
1, 1, puck_recovery
11, 5, zone_exit
1, 1, pass
12, 5, giveaway_takeaway
10, 1, puck_recovery
1, 1, pass
0, 1, pass
8, 4, pass
2, 1, pass
0, 1, zone_entry
1, 1, zone_exit
3, 2, hit
1, 1, zone_exit
2, 1, puck_recovery
20, 4, pass
1, 1, zone_entry
12, 3, puck_recovery
0, 1, pass
3, 2, zone_entry
0, 1, zone_entry
6, 3, zone_exit
13, 2, hit
5, 4, hit
2, 1, zone_exit
8, 4, zone_exit
2, 1, pass
5, 1, pass
0, 1, puck_recovery
0, 1, puck_recovery
3, 1, giveaway_takeaway
0, 1, pass
1, 1, zone_entry
1, 1, pass
0, 1, zone_exit
2, 1, hit
14, 6, giveaway_takeaway
2, 1, goal
7, 4, zone_exit
5, 3, pass
1, 1, zone_exit
2, 1, pass
1, 1, pass
4, 2, zone_entry
1, 1, pass
12, 4, zone_exit
1, 1, giveaway_takeaway
3, 1, zone_exit
4, 1, pass
2, 2, giveaway_takeaway
0, 1, pass
5, 1, pass
2, 1, puck_recovery
0, 1, pass
2, 1, pass
3, 1, zone_exit
0, 1, giveaway_takeaway
6, 1, puck_recovery
8, 4, giveaway_takeaway
2, 1, zone_exit
6, 3, giveaway_takeaway
3, 1, zone_exit
1, 1, pass
9, 1, zone_exit
2, 1, zone_entry
0, 1, zone_exit
0, 1, zone_entry
3, 1, pass
8, 3, puck_recovery
14, 1, zone_exit
10, 4, puck_recovery
9, 3, pass
0, 1, giveaway_takeaway
1, 1, pass
14, 5, zone_exit
2, 1, pass
2, 1, zone_entry
1, 1, giveaway_takeaway
3, 1, zone_exit
7, 1, pass
3, 1, giveaway_takeaway
2, 1, zone_exit
1, 1, zone_exit
3, 1, pass
2, 1, pass
2, 1, pass
4, 1, pass
11, 4, zone_exit
6, 1, giveaway_takeaway
2, 1, pass
3, 2, pass
7, 3, giveaway_takeaway
1, 1, shot
0, 1, giveaway_takeaway
11, 3, puck_recovery
1, 1, giveaway_takeaway
0, 1, puck_recovery
2, 1, zone_exit
0, 1, zone_exit
0, 1, pass
5, 1, pass
2, 1, pass
0, 1, giveaway_takeaway
5, 1, puck_recovery
19, 5, giveaway_takeaway
3, 2, giveaway_takeaway
0, 1, zone_entry
10, 3, zone_exit
11, 6, zone_exit
1, 1, blocked_shot
10, 7, giveaway_takeaway
0, 1, pass
0, 1, pass
9, 6, pass
6, 5, pass
8, 5, hit
22, 7, giveaway_takeaway
8, 2, puck_recovery
2, 1, puck_recovery
8, 1, pass
1, 1, pass
3, 1, giveaway_takeaway
15, 7, pass
0, 1, pass
2, 1, pass
0, 1, puck_recovery
0, 1, pass
3, 1, puck_recovery
0, 1, pass
13, 5, puck_recovery
0, 1, zone_exit
3, 1, giveaway_takeaway
19, 10, zone_exit
2, 1, puck_recovery
2, 2, puck_recovery
7, 1, missed_shot
12, 6, puck_recovery
16, 6, puck_recovery
0, 1, zone_exit
0, 1, zone_entry
1, 1, zone_exit
5, 1, puck_recovery
3, 1, giveaway_takeaway
1, 2, pass
0, 1, pass
3, 1, giveaway_takeaway
1, 1, giveaway_takeaway
0, 1, pass
0, 1, giveaway_takeaway
1, 1, giveaway_takeaway
0, 1, zone_exit
2, 1, giveaway_takeaway
4, 1, pass
4, 2, giveaway_takeaway
3, 1, hit
1, 1, hit
8, 4, pass
0, 1, pass
0, 1, zone_exit
7, 3, blocked_shot
4, 2, zone_exit
0, 1, giveaway_takeaway
5, 1, zone_exit
3, 1, zone_exit
23, 10, pass
21, 8, puck_recovery
7, 1, hit
21, 9, puck_recovery
8, 1, puck_recovery
2, 1, pass
2, 1, hit
3, 1, puck_recovery
4, 3, puck_recovery
5, 3, puck_recovery
2, 1, puck_recovery
1, 1, pass
7, 4, zone_exit
2, 1, puck_recovery
17, 3, goal
4, 1, puck_recovery
7, 3, giveaway_takeaway
0, 1, zone_entry
1, 1, zone_entry
7, 1, puck_recovery
3, 1, puck_recovery
10, 4, pass
2, 1, puck_recovery
5, 1, zone_exit
1, 1, puck_recovery
7, 1, puck_recovery
7, 3, missed_shot
0, 1, pass
1, 1, puck_recovery
1, 1, zone_exit
10, 3, zone_entry
4, 1, pass
2, 1, pass
5, 1, zone_exit
10, 3, puck_recovery
1, 1, zone_entry
1, 1, pass
1, 1, pass
1, 1, zone_exit
15, 1, zone_exit
6, 3, giveaway_takeaway
3, 1, pass
3, 4, zone_entry
9, 4, pass
2, 2, hit
0, 1, zone_exit
1, 1, pass
2, 1, zone_entry
1, 1, pass
2, 1, zone_exit
4, 2, pass
1, 1, zone_exit
1, 1, pass
2, 2, giveaway_takeaway
0, 1, giveaway_takeaway
2, 1, hit
0, 1, zone_entry
9, 4, zone_exit
2, 1, giveaway_takeaway
0, 1, giveaway_takeaway
0, 1, giveaway_takeaway
1, 1, zone_entry
0, 1, giveaway_takeaway
18, 7, pass
0, 1, giveaway_takeaway
7, 3, zone_exit
0, 1, pass
4, 2, zone_exit
0, 1, zone_entry
6, 2, hit
10, 5, zone_exit
4, 1, shot
2, 1, puck_recovery
20, 8, puck_recovery
1, 1, giveaway_takeaway
1, 1, pass
1, 1, puck_recovery
3, 1, giveaway_takeaway
0, 1, zone_exit
1, 1, pass
1, 1, zone_entry
2, 1, pass
4, 3, pass
3, 3, pass
0, 1, pass
0, 1, puck_recovery
2, 2, zone_entry
0, 1, giveaway_takeaway
6, 3, zone_exit
3, 1, puck_recovery
4, 1, giveaway_takeaway
0, 1, zone_entry
0, 1, pass
4, 2, zone_exit
3, 1, pass
3, 1, pass
16, 8, puck_recovery
3, 1, pass
1, 1, puck_recovery
0, 1, pass
12, 4, zone_exit
0, 1, pass
3, 1, pass
9, 1, puck_recovery
9, 4, hit
16, 6, puck_recovery
36, 8, zone_exit
35, 7, zone_exit
8, 2, pass
1, 1, giveaway_takeaway
1, 1, pass
8, 1, giveaway_takeaway
1, 1, pass
9, 3, zone_entry
1, 1, pass
0, 1, zone_entry
0, 1, pass
16, 8, blocked_shot
0, 1, pass
0, 1, zone_entry
6, 1, puck_recovery
2, 1, zone_exit
1, 1, zone_entry
1, 1, pass
19, 3, pass
2, 1, puck_recovery
12, 1, puck_recovery
2, 1, puck_recovery
3, 1, pass
1, 1, puck_recovery
4, 2, zone_exit
6, 4, puck_recovery
5, 1, pass
9, 4, giveaway_takeaway
10, 3, shot
21, 8, giveaway_takeaway
0, 1, zone_exit
3, 1, puck_recovery
12, 5, blocked_shot
2, 1, zone_exit
7, 3, pass
11, 3, puck_recovery
1, 2, hit
9, 3, zone_exit
2, 2, zone_exit
2, 1, pass
14, 7, pass
9, 4, pass
1, 1, giveaway_takeaway
2, 1, giveaway_takeaway
0, 1, giveaway_takeaway
4, 1, pass
1, 1, giveaway_takeaway
3, 1, puck_recovery
7, 1, puck_recovery
5, 2, giveaway_takeaway
0, 1, pass
12, 4, pass
1, 1, zone_exit
13, 4, pass
0, 1, pass
3, 1, pass
1, 1, giveaway_takeaway
1, 1, pass
0, 1, giveaway_takeaway
10, 1, puck_recovery
1, 1, pass
1, 1, giveaway_takeaway
3, 1, giveaway_takeaway
2, 1, pass
2, 1, puck_recovery
11, 5, puck_recovery
12, 7, pass
2, 1, zone_exit
2, 1, giveaway_takeaway
2, 1, pass
2, 1, pass
1, 1, giveaway_takeaway
2, 1, zone_exit
24, 10, zone_exit
2, 1, zone_exit
2, 1, pass
21, 7, giveaway_takeaway
4, 1, zone_entry
2, 1, giveaway_takeaway
4, 1, zone_exit
2, 1, pass
2, 1, giveaway_takeaway
1, 1, puck_recovery
0, 1, pass
0, 1, pass
7, 3, zone_exit
1, 1, pass
0, 1, pass
2, 1, zone_entry
1, 1, pass
2, 1, zone_exit
3, 1, zone_exit
1, 1, zone_entry
1, 1, pass
4, 1, giveaway_takeaway
13, 5, puck_recovery
0, 1, giveaway_takeaway
0, 1, giveaway_takeaway
8, 3, pass
1, 1, zone_entry
2, 1, pass
6, 2, zone_exit
0, 1, pass
1, 1, pass
6, 1, puck_recovery
0, 1, pass
4, 1, zone_entry
24, 2, pass
1, 1, pass
1, 1, puck_recovery
1, 1, pass
3, 1, puck_recovery
2, 1, giveaway_takeaway
11, 6, puck_recovery
2, 1, puck_recovery
1, 1, zone_exit
0, 1, zone_entry
1, 1, pass
1, 1, puck_recovery
2, 1, zone_exit
3, 1, puck_recovery
0, 1, pass
2, 1, zone_exit
4, 1, puck_recovery
4, 3, shot
3, 1, puck_recovery
2, 1, zone_exit
4, 1, giveaway_takeaway
4, 1, giveaway_takeaway
0, 1, giveaway_takeaway
0, 1, zone_entry
26, 5, puck_recovery
8, 4, zone_exit
1, 1, pass
6, 1, pass
3, 1, zone_exit
1, 1, puck_recovery
1, 1, zone_entry
8, 3, puck_recovery
7, 1, puck_recovery
1, 1, zone_entry
2, 1, puck_recovery
1, 1, pass
1, 1, pass
2, 1, puck_recovery
1, 1, pass
8, 3, puck_recovery
1, 1, pass
1, 1, pass
2, 1, puck_recovery
10, 4, pass
8, 1, puck_recovery
14, 4, zone_exit
14, 4, pass
7, 1, puck_recovery
1, 1, zone_entry
2, 1, pass
8, 1, pass
4, 1, zone_exit
3, 2, hit
2, 1, pass
0, 1, pass
12, 3, pass
1, 1, pass
8, 1, puck_recovery
2, 2, puck_recovery
44, 14, zone_exit
6, 3, pass
8, 3, zone_entry
11, 3, pass
1, 1, pass
11, 4, giveaway_takeaway
13, 4, pass
2, 1, giveaway_takeaway
3, 2, pass
29, 8, puck_recovery
17, 5, puck_recovery
9, 1, puck_recovery
15, 3, pass
0, 1, shot
12, 5, zone_entry
5, 1, pass
0, 1, pass
32, 6, hit
27, 8, zone_exit
7, 1, pass
25, 6, zone_exit
0, 1, zone_entry
0, 1, pass
3, 1, pass
4, 1, pass
9, 4, puck_recovery
10, 5, missed_shot
2, 1, giveaway_takeaway
15, 8, zone_exit
4, 2, pass
12, 9, pass
0, 1, zone_exit
5, 1, puck_recovery
0, 1, pass
9, 4, pass
6, 1, giveaway_takeaway
2, 1, pass
4, 1, penalty
7, 3, shot
3, 1, pass
0, 1, giveaway_takeaway
1, 1, zone_entry
7, 4, hit
3, 1, pass
2, 1, shot
2, 1, pass
2, 1, pass
0, 1, giveaway_takeaway
15, 4, pass
2, 1, pass
12, 1, puck_recovery
41, 9, zone_exit
0, 1, giveaway_takeaway
5, 1, puck_recovery
16, 4, zone_exit
2, 1, zone_entry
3, 1, pass
4, 1, pass
3, 1, pass
3, 1, pass
1, 1, shot
1, 1, puck_recovery
0, 1, pass
5, 1, puck_recovery
0, 1, giveaway_takeaway
0, 1, giveaway_takeaway
4, 1, pass
1, 1, giveaway_takeaway
1, 1, puck_recovery
3, 1, pass
21, 8, puck_recovery
10, 5, puck_recovery
2, 2, giveaway_takeaway
0, 1, giveaway_takeaway
5, 1, pass
0, 1, shot
0, 1, giveaway_takeaway
0, 1, giveaway_takeaway
5, 3, zone_entry
21, 6, shot
0, 1, giveaway_takeaway
5, 1, zone_exit
18, 4, puck_recovery
2, 1, puck_recovery
17, 8, pass
4, 3, penalty
0, 1, giveaway_takeaway
3, 1, giveaway_takeaway
24, 8, pass
3, 1, missed_shot
11, 5, puck_recovery
4, 1, pass
0, 1, pass
6, 3, pass
2, 1, missed_shot
4, 3, pass
3, 1, pass
1, 1, puck_recovery
0, 1, giveaway_takeaway
2, 1, pass
3, 1, puck_recovery
13, 3, zone_exit
6, 2, pass
1, 1, pass
0, 1, pass
13, 5, zone_exit
17, 6, zone_entry
15, 5, blocked_shot
12, 3, pass
35, 9, penalty
5, 2, puck_recovery
14, 5, penalty
2, 1, zone_exit
4, 2, puck_recovery
7, 5, pass
6, 1, puck_recovery
20, 1, hit
16, 4, puck_recovery
10, 5, puck_recovery
1, 1, pass
3, 1, zone_exit
3, 1, giveaway_takeaway
1, 1, pass
6, 2, puck_recovery
4, 1, pass
3, 1, giveaway_takeaway
14, 4, puck_recovery
0, 1, pass
10, 3, zone_exit
2, 1, pass
6, 3, pass
0, 2, pass
1, 1, pass
5, 1, pass
3, 1, zone_entry
18, 6, pass
1, 1, pass
7, 2, zone_exit
3, 1, pass
17, 4, pass
2, 1, giveaway_takeaway
15, 7, pass
2, 1, pass
9, 3, pass
5, 3, pass
3, 1, giveaway_takeaway
3, 1, pass
13, 5, hit
2, 1, puck_recovery
5, 1, puck_recovery
22, 5, zone_exit
31, 6, goal
8, 1, pass
18, 10, pass
1, 1, puck_recovery
2, 1, hit
1, 1, puck_recovery
5, 2, blocked_shot
3, 1, zone_exit
6, 1, puck_recovery
2, 2, pass
2, 1, zone_entry
18, 5, pass
10, 3, pass
1, 1, puck_recovery
1, 1, pass
0, 1, giveaway_takeaway
0, 1, zone_exit
0, 1, zone_entry
6, 1, puck_recovery
0, 1, zone_exit
20, 6, puck_recovery
7, 1, puck_recovery
1, 1, zone_exit
25, 9, zone_exit
4, 1, giveaway_takeaway
38, 18, puck_recovery
2, 1, pass
0, 1, pass
25, 11, puck_recovery
2, 1, puck_recovery
1, 1, pass
4, 1, zone_exit
0, 1, pass
0, 1, zone_exit
1, 1, puck_recovery
3, 1, pass
3, 1, pass
2, 2, pass
3, 1, zone_entry
16, 5, pass
2, 1, zone_exit
0, 1, giveaway_takeaway
0, 1, giveaway_takeaway
2, 1, pass
17, 8, zone_entry
7, 3, pass
1, 1, giveaway_takeaway
4, 1, pass
1, 1, pass
24, 6, zone_entry
9, 2, pass
0, 1, zone_entry
1, 1, pass
0, 1, pass
0, 1, pass
3, 1, pass
2, 1, pass
1, 1, pass
23, 4, giveaway_takeaway
1, 1, zone_exit
0, 1, puck_recovery
2, 1, puck_recovery
0, 1, puck_recovery
15, 4, pass
3, 1, puck_recovery
0, 1, pass
3, 1, pass
2, 1, zone_entry
13, 8, puck_recovery
3, 1, giveaway_takeaway
19, 6, puck_recovery
2, 4, hit
7, 4, puck_recovery
0, 1, giveaway_takeaway
2, 1, zone_entry
3, 1, pass
2, 2, puck_recovery
1, 1, puck_recovery
1, 1, pass
0, 1, giveaway_takeaway
0, 1, giveaway_takeaway
1, 1, pass
0, 1, pass
2, 1, zone_entry
9, 4, pass
1, 1, penalty
2, 1, giveaway_takeaway
17, 5, pass
1, 1, puck_recovery
12, 3, zone_entry
8, 5, hit
0, 1, giveaway_takeaway
1, 1, pass
15, 8, puck_recovery
2, 1, zone_exit
0, 1, giveaway_takeaway
0, 1, giveaway_takeaway
0, 1, giveaway_takeaway
0, 1, pass
0, 1, giveaway_takeaway
3, 1, pass
0, 1, giveaway_takeaway
10, 5, puck_recovery
2, 1, puck_recovery
9, 4, pass
1, 1, zone_exit
5, 4, puck_recovery
15, 7, pass
5, 1, puck_recovery
7, 5, pass
7, 4, puck_recovery
14, 5, giveaway_takeaway
0, 1, giveaway_takeaway
0, 1, pass
9, 4, pass
0, 1, giveaway_takeaway
0, 1, puck_recovery
3, 3, zone_entry
11, 4, hit
11, 7, zone_exit
0, 1, zone_exit
7, 4, pass
3, 1, puck_recovery
10, 4, pass
3, 1, puck_recovery
0, 1, giveaway_takeaway
16, 4, puck_recovery
8, 2, pass
0, 1, giveaway_takeaway
7, 1, puck_recovery
10, 1, zone_exit
1, 1, giveaway_takeaway
0, 1, zone_exit
10, 5, puck_recovery
5, 1, puck_recovery
6, 1, puck_recovery
2, 1, pass
13, 7, puck_recovery
8, 1, puck_recovery
7, 4, pass
4, 1, giveaway_takeaway
0, 1, pass
2, 1, penalty
13, 6, giveaway_takeaway
13, 5, zone_exit
1, 1, puck_recovery
10, 3, pass
1, 1, giveaway_takeaway
13, 7, pass
9, 4, puck_recovery
5, 3, penalty
4, 1, pass
1, 1, pass
4, 1, zone_exit
3, 1, zone_exit
2, 1, zone_entry
7, 3, puck_recovery
7, 1, pass
0, 1, giveaway_takeaway
3, 1, giveaway_takeaway
7, 1, puck_recovery
1, 1, zone_exit
7, 1, puck_recovery
2, 1, pass
1, 1, pass
0, 1, zone_entry
11, 4, zone_exit
3, 1, zone_entry
0, 1, zone_exit
0, 1, giveaway_takeaway
9, 3, pass
2, 1, puck_recovery
5, 1, puck_recovery
15, 4, shot
0, 1, zone_entry
4, 1, puck_recovery
6, 4, puck_recovery
0, 1, zone_exit
0, 1, zone_entry
1, 1, pass
0, 1, zone_exit
0, 1, giveaway_takeaway
11, 6, pass
3, 1, puck_recovery
1, 1, puck_recovery
3, 1, pass
8, 3, zone_entry
6, 2, zone_entry
9, 7, hit
4, 2, pass
0, 1, giveaway_takeaway
1, 1, puck_recovery
9, 2, pass
2, 1, pass
4, 3, pass
9, 1, giveaway_takeaway
1, 1, giveaway_takeaway
1, 1, pass
9, 6, puck_recovery
19, 5, puck_recovery
2, 1, puck_recovery
3, 1, giveaway_takeaway
4, 1, puck_recovery
16, 8, giveaway_takeaway
0, 1, giveaway_takeaway
2, 1, pass
0, 1, pass
2, 1, puck_recovery
0, 1, pass
1, 1, giveaway_takeaway
6, 2, goal
9, 2, giveaway_takeaway
0, 1, giveaway_takeaway
12, 4, blocked_shot
0, 1, giveaway_takeaway
2, 1, giveaway_takeaway
12, 4, puck_recovery
1, 1, pass
0, 1, giveaway_takeaway
0, 1, pass
4, 1, zone_exit
11, 7, pass
2, 1, pass
3, 1, hit
11, 4, pass
0, 1, zone_exit
2, 1, zone_entry
1, 1, zone_entry
4, 1, zone_exit
24, 7, zone_exit
18, 5, zone_exit
1, 1, pass
1, 1, pass
1, 1, giveaway_takeaway
1, 1, zone_exit
8, 1, puck_recovery
11, 5, pass
10, 4, pass
1, 1, puck_recovery
8, 4, puck_recovery
8, 6, zone_exit
2, 1, puck_recovery
0, 1, giveaway_takeaway
2, 1, pass
0, 1, zone_exit
2, 1, puck_recovery
2, 1, pass
2, 1, puck_recovery
3, 1, pass
11, 6, pass
1, 2, hit
1, 1, pass
0, 1, giveaway_takeaway
2, 1, giveaway_takeaway
2, 1, pass
5, 2, zone_exit
1, 1, hit
4, 2, zone_entry
0, 1, giveaway_takeaway
13, 5, puck_recovery
1, 1, pass
5, 1, puck_recovery
2, 1, giveaway_takeaway
2, 1, pass
16, 7, zone_exit
4, 3, puck_recovery
6, 1, pass
18, 4, puck_recovery
0, 1, zone_entry
11, 1, puck_recovery
1, 1, giveaway_takeaway
0, 1, pass
13, 4, giveaway_takeaway
0, 1, zone_entry
5, 5, zone_entry
0, 1, giveaway_takeaway
24, 11, puck_recovery
0, 1, giveaway_takeaway
0, 1, giveaway_takeaway
2, 1, pass
2, 1, puck_recovery
2, 1, zone_exit
1, 1, puck_recovery
2, 1, pass
0, 1, giveaway_takeaway
1, 1, zone_exit
3, 3, zone_exit
1, 1, puck_recovery
6, 4, puck_recovery
3, 1, puck_recovery
1, 1, puck_recovery
0, 1, giveaway_takeaway
1, 1, zone_exit
0, 1, zone_entry
2, 1, giveaway_takeaway
0, 1, zone_entry
29, 7, puck_recovery
2, 1, puck_recovery
25, 8, zone_exit
11, 5, pass
10, 4, pass
2, 1, zone_exit
6, 1, puck_recovery
1, 1, zone_exit
8, 3, pass
4, 1, zone_entry
8, 1, zone_exit
16, 3, zone_exit
2, 1, zone_exit
14, 2, puck_recovery
3, 1, puck_recovery
9, 4, pass
3, 1, zone_entry
2, 1, pass
1, 1, pass
1, 1, puck_recovery
9, 5, puck_recovery
0, 1, pass
3, 1, puck_recovery
3, 1, puck_recovery
4, 1, giveaway_takeaway
18, 8, puck_recovery
0, 1, giveaway_takeaway
2, 1, giveaway_takeaway
1, 1, giveaway_takeaway
5, 1, giveaway_takeaway
14, 6, puck_recovery
1, 1, puck_recovery
0, 1, giveaway_takeaway
2, 1, shot
0, 1, giveaway_takeaway
5, 2, giveaway_takeaway
0, 1, zone_exit
1, 1, zone_exit
13, 4, zone_exit
28, 5, pass
0, 1, zone_exit
11, 4, zone_exit
2, 1, puck_recovery
4, 1, shot
5, 4, hit
6, 1, pass
12, 3, pass
11, 1, pass
1, 1, puck_recovery
14, 5, puck_recovery
3, 1, pass
0, 1, pass
21, 6, hit
2, 1, hit
4, 1, pass
22, 7, giveaway_takeaway
2, 1, giveaway_takeaway
3, 2, hit
1, 1, pass
4, 2, zone_exit
0, 1, giveaway_takeaway
2, 1, pass
1, 1, pass
0, 1, giveaway_takeaway
1, 1, giveaway_takeaway
2, 1, pass
12, 7, puck_recovery
12, 4, pass
2, 1, pass
0, 1, giveaway_takeaway
3, 2, puck_recovery
2, 1, puck_recovery
0, 1, giveaway_takeaway
2, 1, puck_recovery
4, 2, hit
2, 1, puck_recovery
0, 1, giveaway_takeaway
7, 4, hit
0, 1, giveaway_takeaway
2, 1, giveaway_takeaway
3, 1, pass
3, 1, puck_recovery
0, 1, zone_exit
7, 4, hit
10, 6, pass
2, 1, pass
3, 1, pass
0, 1, giveaway_takeaway
0, 1, giveaway_takeaway
10, 8, pass
1, 1, pass
3, 1, puck_recovery
11, 6, pass
9, 4, zone_exit
3, 1, pass
2, 2, hit
1, 1, pass
5, 1, puck_recovery
0, 2, zone_exit
6, 2, pass
29, 12, puck_recovery
23, 10, pass
2, 3, pass
20, 10, giveaway_takeaway
18, 9, giveaway_takeaway
1, 1, pass
1, 1, giveaway_takeaway
12, 4, zone_exit
3, 1, zone_exit
1, 1, zone_exit
37, 12, pass
7, 1, pass
0, 1, zone_exit
0, 1, pass
10, 3, pass
0, 1, giveaway_takeaway
2, 1, puck_recovery
0, 1, zone_entry
1, 1, pass
15, 5, giveaway_takeaway
0, 1, zone_entry
8, 4, zone_exit
0, 1, giveaway_takeaway
15, 8, zone_exit
13, 5, puck_recovery
2, 1, pass
2, 1, zone_entry
2, 2, zone_entry
0, 1, zone_entry
4, 1, puck_recovery
1, 1, zone_exit
17, 6, zone_exit
3, 1, puck_recovery
2, 1, pass
7, 4, zone_exit
18, 5, zone_exit
0, 1, zone_exit
1, 1, puck_recovery
0, 1, penalty
20, 4, pass
3, 1, pass
6, 1, giveaway_takeaway
0, 1, pass
0, 1, pass
3, 1, giveaway_takeaway
0, 1, zone_exit
3, 2, pass
10, 3, penalty
0, 1, pass
0, 1, pass
10, 3, pass
9, 4, pass
2, 1, pass
1, 1, zone_entry
2, 1, giveaway_takeaway
1, 1, giveaway_takeaway
1, 1, giveaway_takeaway
0, 1, pass
2, 1, puck_recovery
3, 1, pass
3, 1, zone_entry
7, 2, zone_entry
0, 1, puck_recovery
1, 1, giveaway_takeaway
8, 2, pass
0, 1, pass
1, 1, zone_exit
1, 1, missed_shot
0, 1, giveaway_takeaway
21, 7, pass
0, 1, pass
2, 1, giveaway_takeaway
25, 7, pass
23, 6, pass
18, 5, pass
1, 1, pass
1, 1, pass
2, 1, pass
6, 2, pass
0, 1, giveaway_takeaway
0, 1, giveaway_takeaway
5, 2, zone_entry
4, 1, giveaway_takeaway
2, 1, pass
0, 1, pass
0, 1, zone_entry
2, 1, giveaway_takeaway
2, 1, hit
4, 1, puck_recovery
2, 1, hit
4, 2, hit
8, 5, pass
0, 1, zone_exit
1, 1, puck_recovery
1, 1, puck_recovery
7, 1, hit
0, 1, pass
6, 4, pass
20, 5, giveaway_takeaway
2, 1, pass
4, 3, zone_entry
24, 9, giveaway_takeaway
4, 4, giveaway_takeaway
9, 3, hit
14, 4, puck_recovery
1, 1, pass
2, 1, zone_entry
1, 1, pass
0, 1, pass
50, 10, puck_recovery
47, 9, puck_recovery
3, 1, pass
2, 1, pass
1, 1, pass
0, 1, pass
6, 4, hit
5, 1, puck_recovery
12, 5, zone_exit
1, 1, giveaway_takeaway
1, 1, giveaway_takeaway
0, 1, pass
0, 1, puck_recovery
2, 1, giveaway_takeaway
0, 1, giveaway_takeaway
0, 1, giveaway_takeaway
0, 1, pass
11, 6, puck_recovery
1, 1, pass
1, 1, giveaway_takeaway
2, 1, pass
3, 1, puck_recovery
2, 1, pass
9, 6, penalty
10, 4, pass
1, 1, giveaway_takeaway
11, 4, missed_shot
2, 1, pass
21, 10, pass
13, 1, puck_recovery
19, 7, pass
27, 9, puck_recovery
3, 1, puck_recovery
1, 2, pass
1, 1, giveaway_takeaway
2, 1, zone_exit
12, 5, puck_recovery
3, 1, puck_recovery
1, 1, puck_recovery
0, 1, giveaway_takeaway
7, 3, pass
0, 1, giveaway_takeaway
0, 1, giveaway_takeaway
12, 6, pass
18, 7, pass
0, 1, pass
0, 1, giveaway_takeaway
9, 1, zone_exit
2, 1, pass
0, 1, giveaway_takeaway
1, 1, puck_recovery
3, 1, pass
2, 1, pass
1, 1, giveaway_takeaway
9, 3, zone_exit
15, 6, puck_recovery
12, 4, hit
16, 3, pass
24, 12, zone_exit
2, 1, giveaway_takeaway
12, 5, zone_entry
3, 3, zone_entry
1, 1, pass
16, 2, puck_recovery
14, 5, pass
29, 10, pass
0, 1, pass
2, 1, puck_recovery
8, 6, puck_recovery
16, 5, puck_recovery
9, 2, pass
17, 5, pass
1, 1, giveaway_takeaway
2, 1, pass
0, 1, zone_exit
21, 8, pass
2, 1, pass
0, 1, pass
9, 3, pass
23, 8, pass
0, 1, giveaway_takeaway
1, 1, pass
0, 1, giveaway_takeaway
15, 4, pass
2, 1, giveaway_takeaway
3, 1, zone_entry
1, 1, pass
1, 1, zone_entry
0, 1, giveaway_takeaway
2, 1, zone_exit
35, 4, puck_recovery
2, 1, puck_recovery
1, 1, zone_entry
0, 1, pass
3, 1, pass
2, 1, puck_recovery
5, 1, puck_recovery
0, 1, zone_exit
14, 4, puck_recovery
1, 1, giveaway_takeaway
3, 1, giveaway_takeaway
0, 1, giveaway_takeaway
1, 1, giveaway_takeaway
3, 1, giveaway_takeaway
7, 1, pass
1, 1, pass
12, 3, pass
13, 4, puck_recovery
2, 1, pass
4, 1, zone_entry
3, 1, zone_exit
2, 1, pass
11, 2, giveaway_takeaway
2, 1, hit
2, 1, puck_recovery
0, 1, puck_recovery
3, 1, pass
1, 1, pass
4, 1, puck_recovery
4, 1, puck_recovery
10, 1, puck_recovery
5, 1, puck_recovery
2, 1, zone_exit
15, 7, zone_exit
2, 1, giveaway_takeaway
0, 1, penalty
1, 1, pass
11, 5, pass
2, 1, zone_exit
0, 1, pass
2, 1, puck_recovery
0, 1, giveaway_takeaway
1, 1, pass
4, 1, pass
7, 2, pass
5, 1, pass
0, 1, giveaway_takeaway
0, 1, giveaway_takeaway
1, 1, puck_recovery
32, 9, puck_recovery
2, 1, zone_exit
5, 1, zone_exit
2, 1, zone_entry
1, 1, pass
2, 1, zone_exit
0, 1, zone_exit
0, 1, pass
25, 7, shot
16, 1, giveaway_takeaway
0, 1, giveaway_takeaway
6, 3, hit
9, 5, pass
2, 1, puck_recovery
0, 1, giveaway_takeaway
6, 1, hit
12, 4, zone_exit
2, 2, zone_entry
9, 2, zone_exit
0, 1, giveaway_takeaway
2, 1, zone_exit
7, 4, puck_recovery
0, 1, pass
30, 14, puck_recovery
5, 1, zone_exit
0, 1, zone_entry
4, 3, pass
9, 4, pass
0, 1, giveaway_takeaway
1, 1, puck_recovery
0, 1, pass
2, 1, hit
6, 3, hit
0, 1, pass
15, 4, puck_recovery
19, 7, pass
4, 1, pass
3, 1, zone_entry
4, 2, zone_exit
0, 1, pass
1, 1, zone_exit
7, 1, puck_recovery
0, 1, pass
10, 4, pass
6, 3, pass
4, 1, pass
1, 1, pass
0, 1, giveaway_takeaway
14, 1, puck_recovery
2, 2, puck_recovery
0, 1, giveaway_takeaway
1, 1, pass
2, 1, pass
0, 1, pass
13, 4, puck_recovery
3, 1, pass
27, 3, puck_recovery
4, 1, giveaway_takeaway
12, 3, puck_recovery
4, 2, puck_recovery
9, 4, zone_entry
0, 1, pass
8, 3, hit
2, 1, giveaway_takeaway
0, 1, pass
0, 1, pass
0, 1, pass
3, 1, puck_recovery
16, 4, hit
5, 3, pass
0, 1, giveaway_takeaway
8, 2, hit
0, 1, pass
3, 1, pass
5, 1, pass
6, 1, puck_recovery
6, 1, zone_exit
1, 1, zone_entry
5, 1, pass
1, 1, giveaway_takeaway
2, 1, puck_recovery
0, 1, pass
1, 1, pass
9, 2, puck_recovery
2, 1, pass
9, 2, shot
6, 2, puck_recovery
